[
    {
      "name": "collectionDrug",
      "policy": "OR('Hospital1MSP.member', 'Hospital2MSP.member')",
      "requiredPeerCount": 1,
      "maxPeerCount": 1,
      "blockToLive":1000000,
      "memberOnlyRead": true,
      "memberOnlyWrite": true
   },
    {
      "name": "collectionDrugPrivateDetails",
      "policy": "OR('Hospital2MSP.member')",
      "requiredPeerCount": 0,
      "maxPeerCount": 1,
      "blockToLive":3,
      "memberOnlyRead": true,
      "memberOnlyWrite": false,
      "endorsementPolicy": {
        "signaturePolicy": "OR('Hospital1MSP.member')"
      }
    },
    {
      "name": "Hospital112MSPPrescription",
      "policy": "OR('Hospital2MSP.member')",
      "requiredPeerCount": 0,
      "maxPeerCount": 1,
      "blockToLive":3,
      "memberOnlyRead": true,
      "memberOnlyWrite": false,
      "endorsementPolicy": {
        "signaturePolicy": "OR('Hospital2MSP.member')"
      }
     },
     {
      "name": "collectionReport",
      "policy": "OR('Hospital1MSP.member', 'Hospital2MSP.member')",
      "requiredPeerCount": 1,
      "maxPeerCount": 1,
      "blockToLive":1000000,
      "memberOnlyRead": true,
      "memberOnlyWrite": true
   },
    {
      "name": "collectionReportPrivateDetails",
      "policy": "OR('Hospital2MSP.member')",
      "requiredPeerCount": 0,
      "maxPeerCount": 1,
      "blockToLive":3,
      "memberOnlyRead": true,
      "memberOnlyWrite": false
    }
   ]
